City_ID,City,Country,Lat,Lng,Max Temp,Humidity,Cloudiness,Wind Speed,Current Description
0,Ushuaia,AR,-54.8,-68.3,33.04,78,74,4.97,broken clouds
1,Vaini,TO,-21.2,-175.2,77.16,69,20,11.5,few clouds
2,Dikson,RU,73.5069,80.5464,15.12,77,7,20.0,clear sky
3,Mount Darwin,ZW,-16.7725,31.5838,69.46,58,99,4.32,overcast clouds
4,Kodiak,US,57.79,-152.4072,36.91,93,100,4.61,overcast clouds
5,Baruun-Urt,MN,46.6806,113.2792,40.91,55,95,21.14,overcast clouds
6,Dolores,AR,-36.3132,-57.6792,53.1,48,0,11.86,clear sky
7,Albany,US,42.6001,-73.9662,39.58,49,42,5.01,scattered clouds
8,Chuy,UY,-33.6971,-53.4616,60.17,86,100,6.91,overcast clouds
9,Irece,BR,-11.3042,-41.8558,79.14,47,100,16.22,overcast clouds
10,Atuona,PF,-9.8,-139.0333,78.13,78,75,21.16,light rain
11,Arraial Do Cabo,BR,-22.9661,-42.0278,82.26,65,0,14.97,clear sky
12,Beisfjord,NO,68.3751,17.5988,32.05,84,100,8.97,snow
13,Rikitea,PF,-23.1203,-134.9692,77.31,67,16,21.0,few clouds
14,Puerto Ayora,EC,-0.7393,-90.3518,72.25,85,8,6.46,clear sky
15,Marystown,CA,47.1666,-55.1483,46.85,100,100,8.01,overcast clouds
16,Castro,BR,-24.7911,-50.0119,74.59,63,52,10.49,broken clouds
17,Narsaq,GL,60.9167,-46.05,50.22,81,100,5.23,overcast clouds
18,New Norfolk,AU,-42.7826,147.0587,60.91,84,100,3.11,moderate rain
19,Taree,AU,-31.9,152.4667,67.1,91,100,5.61,overcast clouds
20,Smithers,CA,54.7804,-127.1743,31.8,92,86,2.53,overcast clouds
21,Georgetown,MY,5.4112,100.3354,85.95,79,20,3.44,thunderstorm
22,Sistranda,NO,63.7256,8.834,42.76,58,100,13.18,overcast clouds
23,Dunedin,NZ,-45.8742,170.5036,52.81,82,50,1.01,scattered clouds
24,Punta Arenas,CL,-53.15,-70.9167,39.31,67,0,21.85,clear sky
25,Okha,RU,53.5739,142.9478,27.63,80,100,16.91,overcast clouds
26,Sao Filipe,CV,14.8961,-24.4956,72.5,70,0,13.11,clear sky
27,Biak,ID,-0.9131,122.8766,77.25,83,100,0.74,overcast clouds
28,Fallon,US,39.4735,-118.7774,48.45,27,0,5.75,clear sky
29,Mataura,NZ,-46.1927,168.8643,41.97,99,8,1.77,clear sky
30,Manicore,BR,-5.8092,-61.3003,83.12,68,47,3.38,scattered clouds
31,Dingle,PH,10.9995,122.6711,78.06,88,100,4.16,overcast clouds
32,Busselton,AU,-33.65,115.3333,57.07,75,74,6.58,broken clouds
33,Oriximina,BR,-1.7656,-55.8661,76.78,90,100,4.14,overcast clouds
34,Kapaa,US,22.0752,-159.319,73.38,90,75,10.36,broken clouds
35,Namatanai,PG,-3.6667,152.4333,80.47,78,76,6.44,broken clouds
36,Port Alfred,ZA,-33.5906,26.891,75.18,58,0,1.99,clear sky
37,Vila Franca Do Campo,PT,37.7167,-25.4333,69.19,88,99,24.81,overcast clouds
38,Bluff,NZ,-46.6,168.3333,49.42,81,41,1.86,scattered clouds
39,Bubaque,GW,11.2833,-15.8333,78.94,59,21,4.61,few clouds
40,Laguna,US,38.421,-121.4238,48.76,77,0,6.91,clear sky
41,Edd,ER,13.9297,41.6925,96.46,44,2,26.69,clear sky
42,Capreol,CA,46.706,-80.9225,32.92,46,0,3.0,clear sky
43,Fortuna,US,40.5982,-124.1573,43.66,93,20,0.0,few clouds
44,Andenes,NO,69.3143,16.1194,30.18,69,40,24.16,scattered clouds
45,Bredasdorp,ZA,-34.5322,20.0403,69.39,53,95,11.52,overcast clouds
46,Kununurra,AU,-15.7667,128.7333,78.78,78,56,6.91,broken clouds
47,Sajalices,PA,8.6834,-79.8707,80.42,85,100,6.53,overcast clouds
48,San Ignacio,BZ,17.1561,-89.0714,72.82,97,77,0.11,broken clouds
49,Saint Anthony,US,45.0205,-93.218,39.65,54,0,16.11,clear sky
50,Cape Town,ZA,-33.9258,18.4232,80.11,64,0,11.01,clear sky
51,San Rafael,AR,-34.6177,-68.3301,45.23,50,47,2.91,scattered clouds
52,Isangel,VU,-19.55,169.2667,78.03,75,100,22.84,overcast clouds
53,Tasiilaq,GL,65.6145,-37.6368,37.56,80,100,6.93,overcast clouds
54,Hilo,US,19.7297,-155.09,72.28,87,100,1.99,overcast clouds
55,Lebu,CL,-37.6167,-73.65,48.34,68,95,4.7,overcast clouds
56,Mount Gambier,AU,-37.8333,140.7667,68.38,58,5,12.33,clear sky
57,Felanitx,ES,39.4696,3.1483,72.95,53,100,11.48,overcast clouds
58,Jiuquan,CN,39.7432,98.5174,59.58,22,100,7.74,overcast clouds
59,Mizdah,LY,31.4451,12.9801,79.84,21,96,23.13,overcast clouds
60,Godda,IN,24.8333,87.2167,97.23,15,0,7.74,clear sky
61,Ugento,IT,39.9263,18.1574,66.99,43,14,22.28,few clouds
62,San Cristobal,VE,7.7669,-72.225,68.18,76,100,1.41,overcast clouds
63,Narok,KE,-1.0783,35.8601,70.27,62,100,11.27,light rain
64,Vanimo,PG,-2.6741,141.3028,79.45,83,90,1.41,overcast clouds
65,Hermanus,ZA,-34.4187,19.2345,77.81,52,5,14.67,clear sky
66,Kurchum,KZ,48.5722,83.6542,59.74,34,0,8.16,clear sky
67,Tuktoyaktuk,CA,69.4541,-133.0374,1.81,100,100,5.01,overcast clouds
68,Manacapuru,BR,-3.2997,-60.6206,81.23,78,96,5.06,overcast clouds
69,Bata,GQ,1.8639,9.7658,82.26,73,41,7.65,scattered clouds
70,Ponta Do Sol,PT,32.6667,-17.1,71.71,70,100,2.82,overcast clouds
71,Rapid Valley,US,44.0625,-103.1463,43.63,78,93,3.0,overcast clouds
72,Touros,BR,-5.1989,-35.4608,85.69,65,87,13.85,overcast clouds
73,Butaritari,KI,3.0707,172.7902,81.07,81,100,16.08,light rain
74,Souillac,MU,-20.5167,57.5167,77.38,88,75,6.91,broken clouds
75,Yellowknife,CA,62.456,-114.3525,26.56,79,42,13.0,scattered clouds
76,Thompson,CA,55.7435,-97.8558,31.64,84,100,6.11,overcast clouds
77,Marzuq,YE,14.4,46.4667,85.89,35,5,20.76,clear sky
78,Pevek,RU,69.7008,170.3133,21.6,90,100,5.26,overcast clouds
79,Constitucion,CL,-35.3333,-72.4167,50.88,72,9,8.39,clear sky
80,Paamiut,GL,61.994,-49.6678,35.73,98,100,20.29,light rain
81,Adolfo Lopez Mateos,MX,28.4667,-107.3,46.11,28,1,3.27,clear sky
82,Tamandare,BR,-8.7597,-35.1047,81.79,77,91,8.66,overcast clouds
83,Ostrovnoy,RU,68.0531,39.5131,25.79,71,87,15.48,overcast clouds
84,Barrow,US,71.2906,-156.7887,5.02,85,100,13.8,light snow
85,Vao,NC,-22.6667,167.4833,75.9,73,100,20.71,light rain
86,Ribeira Grande,PT,38.5167,-28.7,59.4,94,75,3.44,moderate rain
87,Esperance,AU,-33.8667,121.9,60.31,68,65,17.16,broken clouds
88,Fort-Shevchenko,KZ,44.5086,50.263,67.26,51,10,11.34,clear sky
89,Qaanaaq,GL,77.484,-69.3632,24.46,73,100,5.44,overcast clouds
90,Bulgan,MN,48.8125,103.5347,37.24,60,83,0.76,broken clouds
91,San Jose,US,37.3394,-121.895,50.0,78,20,4.61,few clouds
92,Plettenberg Bay,ZA,-34.0527,23.3716,68.04,53,1,5.77,clear sky
93,Saint-Philippe,RE,-21.3585,55.7679,81.99,79,52,7.92,broken clouds
94,Novo Aripuana,BR,-5.1206,-60.3797,83.53,70,67,4.05,broken clouds
95,Ahipara,NZ,-35.1667,173.1667,59.41,85,50,8.99,scattered clouds
96,Barsana,IN,27.65,77.3833,104.95,7,2,4.12,clear sky
97,Tres Arroyos,AR,-38.3739,-60.2798,47.39,58,6,19.69,clear sky
98,Balabac,PH,7.9868,117.0645,79.59,86,100,9.93,overcast clouds
99,Svetlogorsk,BY,52.6333,29.7333,52.32,43,97,7.94,overcast clouds
100,Mount Isa,AU,-20.7333,139.5,80.37,57,75,10.36,broken clouds
101,Norman Wells,CA,65.282,-126.8329,26.33,95,100,0.29,overcast clouds
102,Nanortalik,GL,60.1432,-45.2371,39.96,80,100,5.86,overcast clouds
103,East London,ZA,-33.0153,27.9116,73.98,41,0,6.82,clear sky
104,Lumphat,KH,13.4878,106.9816,87.73,47,95,6.2,overcast clouds
105,Rosetown,CA,51.5501,-108.0014,41.43,52,42,6.22,scattered clouds
106,Puerto Leguizamo,CO,-0.1934,-74.7819,74.25,96,99,1.05,overcast clouds
107,Honningsvag,NO,70.9821,25.9704,26.35,63,100,29.93,squalls
108,Alofi,NU,-19.0595,-169.9187,79.12,77,100,21.81,light rain
109,Yaan,NG,7.3833,8.5667,81.68,68,100,4.21,overcast clouds
110,Upernavik,GL,72.7868,-56.1549,21.9,92,100,13.89,light snow
111,Longyearbyen,SJ,78.2186,15.6401,8.44,52,40,17.27,scattered clouds
112,Kavieng,PG,-2.5744,150.7967,83.34,71,100,6.8,overcast clouds
113,Lima,PE,-12.0432,-77.0282,66.9,83,100,4.61,overcast clouds
114,Krasnoselkup,RU,65.7,82.4667,31.42,93,100,9.35,overcast clouds
115,Beloha,MG,-25.1667,45.05,70.74,58,100,12.46,overcast clouds
116,Ilulissat,GL,69.2167,-51.1,28.42,80,100,4.61,light shower snow
117,Dom Pedro,BR,-4.4833,-44.45,85.71,65,98,2.53,overcast clouds
118,Avera,US,33.194,-82.5271,61.56,52,6,6.29,clear sky
119,Tiksi,RU,71.6872,128.8694,-1.55,100,27,5.55,scattered clouds
120,Blacksburg,US,37.2296,-80.4139,50.72,55,0,4.61,clear sky
121,Balaipungut,ID,1.05,101.2833,78.24,94,100,1.12,overcast clouds
122,Sernur,RU,56.9333,49.1536,36.32,66,100,10.25,overcast clouds
123,Alice Springs,AU,-23.7,133.8833,69.35,49,27,3.44,scattered clouds
124,Ugoofaaru,MV,5.6667,73.0,85.3,68,100,3.83,overcast clouds
125,Carnarvon,AU,-24.8667,113.6333,69.87,68,0,16.11,clear sky
126,Antipovka,RU,49.8299,45.3122,63.64,41,5,13.49,clear sky
127,Hobart,AU,-42.8794,147.3294,61.27,93,100,1.14,moderate rain
128,Jardim,BR,-21.4803,-56.1381,83.14,45,0,7.4,clear sky
129,Praxedis Guerrero,MX,31.3667,-106.0167,62.28,23,0,2.19,clear sky
130,Grindavik,IS,63.8424,-22.4338,48.67,76,75,10.36,broken clouds
131,Meulaboh,ID,4.1363,96.1285,80.37,83,100,1.16,overcast clouds
132,Savinskiy,RU,62.9342,40.1361,35.46,62,100,9.71,overcast clouds
133,Haines Junction,CA,60.7522,-137.5108,33.37,97,100,2.86,overcast clouds
134,Camopi,GF,3.1655,-52.3158,82.49,72,26,3.51,scattered clouds
135,Svetlyy,RU,54.675,20.1347,53.65,49,17,7.23,few clouds
136,Cherskiy,RU,68.75,161.3,24.76,97,100,8.01,overcast clouds
137,Coahuayana,MX,18.7333,-103.6833,73.0,55,42,2.57,scattered clouds
138,Nome,US,64.5011,-165.4064,35.67,80,100,13.8,overcast clouds
139,Andros Town,BS,24.7,-77.7667,76.96,63,0,7.74,clear sky
140,Chokurdakh,RU,70.6333,147.9167,-6.88,100,88,3.65,overcast clouds
141,Bengkulu,ID,-3.8004,102.2655,79.43,84,100,3.29,light rain
142,Nikolskoye,RU,59.7035,30.7861,43.88,36,100,8.32,overcast clouds
143,Naze,JP,28.3667,129.4833,72.66,92,20,8.3,few clouds
144,Presidencia Roque Saenz Pena,AR,-26.7852,-60.4388,66.74,84,100,9.42,overcast clouds
145,Hamilton,US,39.1834,-84.5333,45.93,59,75,11.5,broken clouds
146,Los Llanos De Aridane,ES,28.6585,-17.9182,65.95,82,20,13.8,few clouds
147,Muisne,EC,0.6,-80.0333,76.87,88,100,7.38,light rain
148,Sokoto,NG,13.0609,5.239,101.35,17,91,7.78,overcast clouds
149,Tsabong,BW,-26.0217,22.401,80.13,31,56,12.82,broken clouds
150,Kidal,ML,18.4411,1.4078,96.15,5,0,8.52,clear sky
151,Saryg-Sep,RU,51.5,95.6,44.69,48,62,2.77,broken clouds
152,Magadan,RU,59.5667,150.8,29.21,69,100,12.97,overcast clouds
153,Mingyue,CN,43.1069,128.9217,43.57,34,100,2.64,overcast clouds
154,Nkhata Bay,MW,-11.6066,34.2907,75.47,71,41,11.52,scattered clouds
155,Agua Verde,MX,22.9,-106.05,64.49,76,1,2.64,clear sky
156,Lakes Entrance,AU,-37.8811,147.981,62.17,83,71,4.97,broken clouds
157,Bandarbeyla,SO,9.4942,50.8122,86.49,67,6,11.32,clear sky
158,Hithadhoo,MV,-0.6,73.0833,85.71,68,100,7.14,light rain
159,La Ronge,CA,55.1001,-105.2842,31.91,94,98,4.74,overcast clouds
160,Bambous Virieux,MU,-20.3428,57.7575,81.21,88,75,6.91,broken clouds
161,Yantal,RU,56.8471,105.2542,28.56,92,17,1.95,few clouds
162,Villiers,ZA,-27.0303,28.6006,68.05,21,0,10.38,clear sky
163,Richards Bay,ZA,-28.783,32.0377,77.13,52,0,10.47,clear sky
164,Birjand,IR,32.8663,59.2211,80.46,20,45,11.32,scattered clouds
165,Rocky Mountain House,CA,52.3668,-114.9188,30.99,74,6,2.93,clear sky
166,Jamestown,US,42.097,-79.2353,36.01,80,40,8.05,scattered clouds
167,Dubbo,AU,-32.25,148.6167,62.73,100,100,8.05,overcast clouds
168,Mehamn,NO,71.0357,27.8492,26.51,68,75,27.63,broken clouds
169,Yara,CU,20.2753,-76.9533,74.89,67,11,10.25,light rain
170,Maxixe,MZ,-23.8597,35.3472,73.89,65,30,7.9,light rain
171,Saint George,US,37.1041,-113.5841,66.94,22,0,10.36,clear sky
172,Komsomolskiy,UZ,40.4272,71.7189,79.52,25,100,4.61,overcast clouds
173,Viron,FR,46.1892,-0.3173,68.14,54,97,7.05,overcast clouds
174,Torbay,CA,47.6666,-52.7314,42.89,90,100,4.61,overcast clouds
175,Port-Gentil,GA,-0.7193,8.7815,81.73,73,60,7.07,broken clouds
176,Victoria,HK,22.2855,114.1577,85.17,81,5,10.0,clear sky
177,Tilichiki,RU,60.4667,166.1,33.4,79,100,13.27,overcast clouds
178,Buin,CL,-33.7333,-70.75,56.05,48,13,3.85,few clouds
179,Kaitangata,NZ,-46.2817,169.8464,48.43,92,92,2.21,overcast clouds
180,Maymyo,MM,22.0333,96.4667,79.79,26,1,2.26,clear sky
181,Saskylakh,RU,71.9167,114.0833,24.46,89,100,14.14,overcast clouds
182,Port Elizabeth,ZA,-33.918,25.5701,79.11,43,0,8.41,clear sky
183,Kuandian,CN,40.7286,124.7847,43.54,66,100,5.3,overcast clouds
184,Manama,BH,26.2154,50.5832,89.78,45,15,11.5,few clouds
185,Wladyslawowo,PL,54.7909,18.4009,58.93,55,11,6.15,few clouds
186,Baykit,RU,61.67,96.37,38.71,98,100,4.7,overcast clouds
187,Soderhamn,SE,61.3037,17.0592,53.96,25,100,14.92,overcast clouds
188,Snasa,NO,64.2457,12.3778,36.79,86,100,10.69,overcast clouds
189,Naryan-Mar,RU,67.6713,53.087,26.08,82,100,19.86,overcast clouds
190,Andijon,UZ,40.7821,72.3442,79.88,23,100,5.35,overcast clouds
191,Yumen,CN,40.2833,97.2,56.62,17,71,13.56,broken clouds
192,Sao Joao Da Barra,BR,-21.6403,-41.0511,82.49,70,0,11.65,clear sky
193,Warri,NG,5.5167,5.75,88.7,55,100,1.97,overcast clouds
194,Iqaluit,CA,63.7506,-68.5145,16.7,78,100,15.99,overcast clouds
195,Cidreira,BR,-30.1811,-50.2056,75.11,79,4,4.38,clear sky
196,Luderitz,NA,-26.6481,15.1594,71.01,49,0,8.68,clear sky
197,Hasaki,JP,35.7333,140.8333,55.8,62,0,9.51,clear sky
198,Fort Nelson,CA,58.8053,-122.7002,33.39,93,100,8.05,mist
199,Xinyu,CN,27.8043,114.9334,67.86,95,100,13.56,moderate rain
200,Lemoore,US,36.3008,-119.7829,52.02,52,0,13.8,clear sky
201,Tocoa,HN,15.6833,-86.0,76.62,92,26,0.85,scattered clouds
202,Wagar,SD,16.1525,36.2032,104.11,10,6,10.63,clear sky
203,Mangan,IN,27.5167,88.5333,71.44,89,51,1.34,broken clouds
204,Katsuura,JP,35.1333,140.3,59.02,76,52,10.89,broken clouds
205,Havoysund,NO,70.9963,24.6622,26.83,60,100,26.49,light snow
206,Suoyarvi,RU,62.0833,32.35,37.6,47,100,9.8,overcast clouds
207,Klyuchi,RU,52.2667,79.1667,70.79,32,13,5.53,few clouds
208,Hofn,IS,64.2539,-15.2082,48.22,76,100,5.75,overcast clouds
209,Puerto Escondido,MX,15.85,-97.0667,77.83,83,0,8.05,clear sky
210,Vardo,NO,70.3705,31.1107,26.58,74,65,20.71,light snow
211,Coquimbo,CL,-29.9533,-71.3436,58.73,67,0,4.61,clear sky
212,Urumqi,CN,43.801,87.6005,61.75,20,20,8.95,few clouds
213,Namuac,PH,18.6109,121.1657,81.91,83,15,4.56,few clouds
214,Avarua,CK,-21.2078,-159.775,78.85,89,20,8.05,few clouds
215,Tabou,CI,4.423,-7.3528,85.12,70,100,10.07,moderate rain
216,Matara,LK,5.9485,80.5353,81.88,76,97,6.51,overcast clouds
217,Codrington,AU,-38.2667,141.9667,67.35,65,5,16.46,clear sky
218,Salalah,OM,17.0151,54.0924,86.04,67,97,9.26,overcast clouds
219,Jingdezhen,CN,29.2947,117.2079,65.97,97,100,10.07,moderate rain
220,Jaguariaiva,BR,-24.2511,-49.7058,73.9,67,14,6.33,few clouds
221,Mecca,SA,21.4267,39.8261,94.51,33,12,18.92,light rain
222,Lisieux,FR,49.1667,0.1667,62.33,56,76,10.54,broken clouds
223,Rognan,NO,67.0953,15.3878,35.76,60,100,14.43,light rain
224,Bucerias,MX,20.75,-105.3333,71.98,94,0,0.0,clear sky
225,Mezen,RU,65.8522,44.24,32.79,65,100,12.33,light snow
226,Tura,IN,25.5198,90.2201,80.58,63,0,4.72,clear sky
227,Abnub,EG,27.2696,31.1511,97.57,4,3,12.48,clear sky
228,Guerrero Negro,MX,27.9769,-114.0611,56.98,86,3,12.91,clear sky
229,Chabahar,IR,25.2919,60.643,88.66,56,0,19.69,clear sky
230,Talnakh,RU,69.4865,88.3972,17.19,92,66,2.1,broken clouds
231,Mantua,IT,45.1667,10.7833,71.35,49,30,5.99,scattered clouds
232,Cobija,BO,-11.0267,-68.7692,84.38,79,20,0.0,few clouds
233,Gushikawa,JP,26.3544,127.8686,78.39,89,20,11.5,few clouds
234,Sola,VU,-13.8833,167.55,80.98,79,100,11.88,overcast clouds
235,Dhankuta,NP,26.9833,87.3333,76.71,45,65,3.6,broken clouds
236,Russell,US,32.3502,-85.1999,62.96,67,0,0.0,clear sky
237,Acapulco,MX,16.8634,-99.8901,78.46,65,1,3.22,clear sky
238,Trat,TH,12.5,102.5,84.87,86,100,3.33,overcast clouds
239,Nabire,ID,-3.3667,135.4833,76.59,93,100,3.27,heavy intensity rain
240,San Quintin,MX,30.4833,-115.95,56.89,75,100,10.49,overcast clouds
241,Arlit,NE,18.7369,7.3853,99.34,6,87,11.99,overcast clouds
242,Geraldton,AU,-28.7667,114.6,63.01,88,40,11.5,scattered clouds
243,Cabo San Lucas,MX,22.8909,-109.9124,77.31,32,0,11.5,clear sky
244,Nagua,DO,19.3832,-69.8474,77.05,78,20,0.0,few clouds
245,Gamboma,CG,-1.8764,15.8644,82.04,72,98,1.92,moderate rain
246,Umm Kaddadah,SD,13.6017,26.6876,105.67,5,8,13.06,clear sky
247,Rocha,UY,-34.4833,-54.3333,59.45,71,100,3.38,overcast clouds
248,Provideniya,RU,64.3833,-173.3,22.68,88,25,10.42,scattered clouds
249,Santa Cruz Do Sul,BR,-29.7175,-52.4258,73.6,88,100,5.08,moderate rain
250,Turbat,PK,26.0023,63.044,106.45,10,0,16.24,clear sky
251,Shimoda,JP,34.6667,138.95,60.69,73,95,12.86,overcast clouds
252,Lucea,JM,18.451,-78.1736,79.86,70,94,11.27,overcast clouds
253,Chebenki,RU,51.9337,55.7077,78.55,37,100,12.5,overcast clouds
254,Khatanga,RU,71.9667,102.5,30.76,87,100,16.4,overcast clouds
255,Ibra,OM,22.6906,58.5334,99.84,11,2,15.17,clear sky
256,Banda Aceh,ID,5.5577,95.3222,83.05,80,97,8.66,overcast clouds
257,Mar Del Plata,AR,-38.0023,-57.5575,51.87,66,20,18.01,few clouds
258,Nan,TH,18.8333,100.6667,87.3,47,31,2.04,scattered clouds
259,Klaksvik,FO,62.2266,-6.589,47.32,76,83,4.99,broken clouds
260,Leshukonskoye,RU,64.8989,45.7622,32.68,68,100,8.97,light snow
261,Akyab,MM,20.15,92.9,83.68,79,5,11.7,clear sky
262,Brae,GB,60.3964,-1.353,47.55,68,100,10.25,overcast clouds
263,Zambezi,ZM,-13.5432,23.1047,79.83,42,99,10.8,overcast clouds
264,Chivay,PE,-15.6383,-71.6011,53.4,30,45,4.54,scattered clouds
265,Ixtapa,MX,20.7,-105.2,71.22,94,0,0.0,clear sky
266,Asind,IN,25.7333,74.3333,100.83,11,4,9.64,clear sky
267,Impfondo,CG,1.6381,18.0667,87.33,54,84,3.24,broken clouds
268,Guangyuan,CN,32.442,105.823,63.68,65,1,2.33,clear sky
269,Tabuk,PH,17.4189,121.4443,79.32,78,31,4.83,scattered clouds
270,Lata,PT,40.1629,-8.3327,72.48,47,0,7.54,clear sky
271,Clyde River,CA,70.4692,-68.5914,5.13,76,23,5.91,few clouds
272,Mahebourg,MU,-20.4081,57.7,81.25,88,75,6.91,broken clouds
273,Pisco,PE,-13.7,-76.2167,64.45,88,20,2.3,mist
274,Tete,MZ,-16.1564,33.5867,81.5,47,95,8.05,overcast clouds
275,Kysyl-Syr,RU,63.8986,122.7617,17.28,94,32,2.08,scattered clouds
276,Mushie,CD,-3.0167,16.9,79.02,80,88,3.22,light rain
277,Tezu,IN,27.9167,96.1667,77.09,60,2,4.7,clear sky
278,Assiniboia,CA,49.6334,-105.9845,41.94,77,42,6.15,scattered clouds
279,Methala,IN,10.2166,76.2166,80.6,74,30,5.08,moderate rain
280,Tromso,NO,69.6496,18.957,28.42,74,100,31.07,overcast clouds
281,Opava,CZ,49.9387,17.9026,61.9,72,93,11.99,overcast clouds
282,Shumikha,RU,55.2261,63.2961,71.67,36,41,14.74,scattered clouds
283,Yingkou,CN,40.6648,122.2283,47.16,69,100,6.17,overcast clouds
284,Iranshahr,IR,27.2025,60.6848,87.71,29,82,27.34,broken clouds
285,Cody,US,44.5263,-109.0565,36.03,93,75,8.05,mist
286,Weatherford,US,32.7593,-97.7972,66.09,89,100,1.99,overcast clouds
287,Hami,CN,42.8,93.45,65.55,11,100,8.99,overcast clouds
288,Dukat,RU,62.55,155.55,21.83,97,100,9.31,overcast clouds
289,Flinders,AU,-34.5833,150.8552,65.17,90,100,5.99,overcast clouds
290,Coolum Beach,AU,-26.5333,153.1,70.34,96,100,7.99,overcast clouds
291,Kahului,US,20.8947,-156.47,73.85,78,0,10.0,clear sky
292,Dhidhdhoo,MV,6.8833,73.1,85.6,68,61,1.03,broken clouds
293,Comalcalco,MX,18.2667,-93.2167,76.46,80,2,2.89,clear sky
294,Bilibino,RU,68.0546,166.4372,17.31,95,100,3.67,overcast clouds
295,Airai,TL,-8.9266,125.4092,60.28,93,69,1.36,broken clouds
296,Prainha,BR,-1.8,-53.48,81.45,74,95,5.39,overcast clouds
297,Merauke,ID,-8.4667,140.3333,80.04,84,99,11.63,overcast clouds
298,Dukhovnitskoye,RU,52.4828,48.2137,51.87,63,46,11.27,scattered clouds
299,Saldanha,ZA,-33.0117,17.9442,65.01,63,36,10.22,scattered clouds
300,Sonoita,MX,31.85,-112.8333,60.37,39,0,8.88,clear sky
301,Vilyuysk,RU,63.7553,121.6247,23.9,94,100,2.46,overcast clouds
302,Tupik,RU,54.4253,119.9327,34.68,62,62,14.45,broken clouds
303,Husavik,IS,66.0449,-17.3389,45.21,62,24,0.98,few clouds
304,Houma,US,29.5958,-90.7195,66.0,79,0,5.75,clear sky
305,Requena,ES,39.4883,-1.1004,57.87,85,100,5.06,overcast clouds
306,Augusto Correa,BR,-1.0217,-46.635,80.92,89,65,4.83,broken clouds
307,Rawson,AR,-43.3002,-65.1023,45.21,47,2,22.73,clear sky
308,Gazimurskiy Zavod,RU,51.5461,118.3266,35.65,34,100,2.64,overcast clouds
309,Haimen,CN,23.1935,116.6142,75.15,93,1,4.68,clear sky
310,Poum,NC,-20.2333,164.0167,72.79,88,100,12.86,overcast clouds
311,Faanui,PF,-16.4833,-151.75,81.36,71,8,23.91,light rain
312,Vanavara,RU,60.34,102.2797,33.89,89,100,5.1,overcast clouds
313,Nouakchott,MR,18.0858,-15.9785,93.13,26,0,6.15,clear sky
314,Macedo De Cavaleiros,PT,41.5382,-6.9611,66.63,40,65,7.09,broken clouds
315,Ulundi,ZA,-28.3352,31.4162,75.11,37,0,4.14,clear sky
316,Vostok,RU,46.4856,135.8833,29.68,82,32,3.6,scattered clouds
317,Bethel,US,41.3712,-73.414,44.15,55,13,1.99,few clouds
318,Margate,GB,51.3813,1.3862,57.31,65,94,5.99,overcast clouds
319,Nam Dinh,VN,20.4167,106.1667,76.73,94,9,3.89,clear sky
320,Northam,GB,51.0333,-4.2167,55.26,70,100,8.52,overcast clouds
321,Yatou,CN,37.15,122.3833,46.29,86,100,11.52,moderate rain
322,Belmonte,BR,-15.8631,-38.8828,83.19,61,18,7.2,few clouds
323,Abha,SA,18.2164,42.5053,66.45,52,40,16.11,thunderstorm
324,Saint-Francois,FR,46.4154,3.9054,75.67,46,0,5.75,clear sky
325,Jacareacanga,BR,-6.2222,-57.7528,82.65,73,99,3.58,overcast clouds
326,Decatur,US,39.8403,-88.9548,53.98,71,100,12.66,light rain
327,Singaraja,ID,-8.112,115.0882,79.86,85,85,2.98,overcast clouds
328,Carutapera,BR,-1.195,-46.02,78.08,91,98,6.29,overcast clouds
329,Marsa Matruh,EG,31.3525,27.2453,73.31,45,0,12.15,clear sky
330,Alexander City,US,32.944,-85.9539,56.32,67,0,3.44,clear sky
331,Taoudenni,ML,22.6783,-3.9836,98.15,7,0,5.48,clear sky
332,Gryazi,RU,52.4966,39.9359,51.75,44,99,7.81,overcast clouds
333,Leningradskiy,RU,69.3833,178.4167,11.98,96,98,5.99,overcast clouds
334,Tadine,NC,-21.55,167.8833,74.66,79,100,19.62,light rain
335,Lae,PG,-6.7221,146.9847,77.72,83,100,1.77,overcast clouds
336,Hobyo,SO,5.3505,48.5268,87.01,63,97,13.38,overcast clouds
337,Rolante,BR,-29.6506,-50.5758,88.66,55,2,4.21,clear sky
338,Nenjiang,CN,49.1833,125.2167,43.14,37,33,7.58,scattered clouds
339,Borovoy,RU,55.4333,86.0833,65.48,20,0,8.95,clear sky
340,Buldana,IN,20.5333,76.1833,100.33,10,24,10.11,few clouds
341,Baie-Comeau,CA,49.2168,-68.1489,35.28,64,100,12.66,overcast clouds
342,Filadelfia,US,39.9523,-75.1638,44.11,50,100,16.11,overcast clouds
343,Odweyne,SO,9.4092,45.064,90.61,25,26,9.08,scattered clouds
344,Sioux Lookout,CA,50.1001,-91.917,28.87,90,100,5.14,overcast clouds
345,Korla,CN,41.7597,86.1469,58.64,39,66,5.88,light rain
346,Bantou,CN,26.2151,117.4893,75.16,88,0,3.18,clear sky
347,Port Hueneme,US,34.1478,-119.1951,56.57,87,100,1.01,overcast clouds
348,Yetkul,RU,54.8221,61.588,70.23,39,100,9.95,overcast clouds
349,Biltine,TD,14.5333,20.9167,103.24,17,9,9.84,clear sky
350,Falmouth,GB,50.1544,-5.0711,58.1,66,0,19.57,clear sky
351,Shache,CN,38.4167,77.2406,73.96,11,5,8.16,clear sky
352,Sept-Iles,CA,50.2001,-66.3821,37.06,64,100,5.99,overcast clouds
353,Humaita,BR,-7.5061,-63.0208,84.2,69,43,2.55,scattered clouds
354,Makakilo City,US,21.3469,-158.0858,73.72,77,100,4.61,overcast clouds
355,Aswan,EG,24.0934,32.907,102.58,8,0,7.27,clear sky
356,Cabedelo,BR,-6.9811,-34.8339,83.07,69,81,13.6,broken clouds
357,Adrar,MR,20.5022,-10.0711,88.79,9,0,5.03,clear sky
358,Berlevag,NO,70.8578,29.0864,26.55,68,75,33.38,broken clouds
359,Trinidad,BO,-14.8333,-64.9,82.38,83,40,6.91,scattered clouds
360,Chapada Dos Guimaraes,BR,-15.4606,-55.7497,76.66,56,89,7.05,overcast clouds
361,San Juan,AR,-31.5375,-68.5364,50.7,45,0,19.28,clear sky
362,Conceicao Da Barra,BR,-18.5933,-39.7322,81.45,67,2,5.5,clear sky
363,Osa,RU,57.2829,55.4567,40.89,71,100,14.32,overcast clouds
364,Necochea,AR,-38.5473,-58.7368,52.12,58,7,22.55,clear sky
365,Betare Oya,CM,5.6,14.0833,88.99,41,100,2.21,overcast clouds
366,Pacific Grove,US,36.6177,-121.9166,49.66,85,16,11.01,few clouds
367,Amapa,BR,1.0,-52.0,78.28,91,100,2.89,overcast clouds
368,Moses Lake,US,47.1301,-119.2781,39.88,86,0,5.75,clear sky
369,Namibe,AO,-15.1961,12.1522,78.3,63,32,9.08,scattered clouds
370,Oeiras,BR,-7.0253,-42.1311,88.38,47,59,10.13,broken clouds
371,Phuket,TH,8.0,98.25,89.1,79,20,5.75,few clouds
372,Benghazi,LY,32.1167,20.0667,78.42,38,0,17.83,clear sky
373,Katherine,AU,-14.4667,132.2667,84.52,54,100,0.0,overcast clouds
374,Juneau,US,58.3019,-134.4197,40.21,99,100,0.0,light intensity drizzle
375,Mesopotamia,IQ,33.0,44.0,93.11,17,100,6.24,overcast clouds
376,Pitimbu,BR,-7.4706,-34.8086,82.99,70,81,12.44,broken clouds
377,Kristiinankaupunki,FI,62.2743,21.376,35.11,97,100,9.42,snow
378,Eyl,SO,7.9803,49.8164,87.42,57,89,11.25,overcast clouds
379,Ucluelet,CA,48.9329,-125.5528,37.09,90,100,5.39,overcast clouds
380,Puerto Carreno,CO,6.189,-67.4859,82.15,70,92,6.02,overcast clouds
381,Creston,US,41.0586,-94.3614,59.34,82,0,11.5,clear sky
382,Chernyshevskiy,RU,63.0128,112.4714,21.83,95,100,3.44,overcast clouds
383,Sorland,NO,67.667,12.6934,35.46,55,75,11.5,broken clouds
384,Tucumcari,US,35.1717,-103.725,57.04,67,0,12.66,clear sky
385,Sembakung,ID,3.8167,117.25,73.22,98,33,0.72,scattered clouds
386,Lac Du Bonnet,CA,50.2536,-96.0612,31.86,65,92,8.55,overcast clouds
387,Pierre,US,44.3683,-100.351,43.05,70,0,11.01,clear sky
388,Kiama,AU,-34.6833,150.8667,66.0,92,100,6.33,overcast clouds
389,Pangnirtung,CA,66.1451,-65.7125,18.14,73,100,6.51,overcast clouds
390,Qaqortoq,GL,60.7167,-46.0333,42.78,70,100,4.21,overcast clouds
391,Elko,US,41.0002,-115.5012,45.64,50,100,4.0,overcast clouds
392,Straumen,NO,63.8709,11.2999,41.0,66,34,14.45,scattered clouds
393,Tuatapere,NZ,-46.1333,167.6833,45.61,95,42,3.44,scattered clouds
394,Coihaique,CL,-45.5752,-72.0662,34.41,86,75,0.0,broken clouds
395,Minas,UY,-34.3759,-55.2377,59.88,66,100,7.05,overcast clouds
396,Barinas,VE,8.6226,-70.2075,80.42,67,90,3.31,overcast clouds
397,Benguela,AO,-12.5763,13.4055,81.59,75,29,9.24,scattered clouds
398,Elbistan,TR,38.2059,37.1983,74.62,19,100,11.52,overcast clouds
399,Maningrida,AU,-12.0667,134.2667,81.28,78,100,8.05,overcast clouds
400,Umm Lajj,SA,25.0213,37.2685,82.94,61,0,11.14,clear sky
401,Boddam,GB,57.4667,-1.7833,59.43,76,23,4.79,few clouds
402,Tobe,JP,33.7447,132.7901,61.66,94,95,1.32,overcast clouds
403,Batemans Bay,AU,-35.7167,150.1833,66.09,91,69,6.08,broken clouds
404,Kavaratti,IN,10.5669,72.642,86.32,68,40,3.0,scattered clouds
405,Ishigaki,JP,24.3448,124.1572,80.29,88,0,12.44,clear sky
406,Moose Factory,CA,51.2585,-80.6094,31.8,82,100,4.5,overcast clouds
407,Champerico,GT,14.3,-91.9167,79.34,73,33,4.18,scattered clouds
408,Malm,NO,64.0721,11.2172,38.79,67,48,14.97,scattered clouds
409,Omboue,GA,-1.5746,9.2618,83.46,73,55,9.6,light rain
410,Smirnykh,RU,49.75,142.8333,30.96,76,100,17.2,overcast clouds
411,Dicabisagan,PH,17.0818,122.4157,79.79,86,25,5.84,scattered clouds
412,Tocantins,BR,-10.5,-48.0,84.49,64,10,7.81,clear sky
413,Gat,IL,31.61,34.7642,80.4,41,0,13.56,clear sky
414,Port Hardy,CA,50.6996,-127.4199,39.67,87,96,4.52,overcast clouds
415,Jiwani,PK,25.05,61.7417,87.8,64,0,19.57,clear sky
416,Lagoa,PT,39.05,-27.9833,58.39,96,100,6.6,heavy intensity rain
417,Simbahan,PH,6.3032,120.5836,81.86,81,95,13.0,overcast clouds
418,Ola,RU,59.5833,151.2833,29.26,73,100,16.17,overcast clouds
419,Badou,TG,7.5833,0.6,85.42,60,99,2.59,overcast clouds
420,Christchurch,NZ,-43.5333,172.6333,49.95,89,67,0.0,broken clouds
421,Caravelas,BR,-17.7125,-39.2481,81.43,68,1,5.99,clear sky
422,Giarre,IT,37.7269,15.1877,70.05,55,100,6.51,overcast clouds
423,Gamba,GA,-2.65,10.0,84.38,63,99,9.84,overcast clouds
424,Labuan,MY,5.2767,115.2417,83.16,71,100,4.72,heavy intensity rain
425,Bone,DE,51.9669,12.1396,67.28,44,34,7.76,scattered clouds
426,Oussouye,SN,12.485,-16.5469,93.85,27,18,8.93,few clouds
427,Muros,ES,42.7762,-9.0603,69.1,52,0,7.67,clear sky
428,Ancud,CL,-41.8697,-73.8203,42.67,85,100,4.36,overcast clouds
429,Pyay,MM,18.8167,95.2167,95.0,42,4,8.03,clear sky
430,Chaman,PK,30.9236,66.4512,90.46,10,81,13.56,broken clouds
431,Port Lincoln,AU,-34.7333,135.8667,64.24,85,0,12.66,clear sky
432,Kruisfontein,ZA,-34.0033,24.7314,76.89,34,0,9.01,clear sky
433,Tevaitoa,PF,-16.7833,-151.5,81.57,71,13,24.14,light rain
434,Freeport,US,40.6576,-73.5832,46.18,49,40,21.85,scattered clouds
435,Aliganj,IN,27.5,79.1833,103.68,7,0,6.38,clear sky
436,Gobabis,NA,-22.45,18.9667,81.14,23,99,9.84,overcast clouds
437,Vaitape,PF,-16.5167,-151.75,81.36,71,8,23.89,light rain
438,Niteroi,BR,-22.8833,-43.1036,85.66,61,0,4.61,clear sky
439,San Jeronimo,PE,-11.9472,-75.2829,50.77,75,100,1.19,overcast clouds
440,Zhigansk,RU,66.7697,123.3711,14.38,91,78,4.38,broken clouds
441,Alihe,CN,50.5667,123.7167,41.09,32,100,2.24,overcast clouds
442,Nurota,UZ,40.5614,65.6886,83.61,31,100,9.46,overcast clouds
443,Eureka,US,40.8021,-124.1637,44.67,87,92,1.01,overcast clouds
444,Albanel,CA,48.8832,-72.4487,30.97,50,100,15.68,overcast clouds
445,Makokou,GA,0.5738,12.8642,88.14,50,78,0.43,light rain
446,Hlatikulu,SZ,-26.9667,31.3167,63.46,57,7,7.78,clear sky
447,Ketchikan,US,55.3422,-131.6461,39.18,93,100,0.0,overcast clouds
448,Outlook,CA,51.5001,-107.0513,41.68,55,66,6.13,broken clouds
449,Aklavik,CA,68.2191,-135.0107,-1.08,99,96,1.61,overcast clouds
450,Raudeberg,NO,61.9875,5.1352,43.47,67,100,4.88,overcast clouds
451,Graz,AT,47.0667,15.45,64.44,43,75,12.66,broken clouds
452,Nalut,LY,30.3333,10.85,88.0,13,0,3.74,clear sky
453,Portland,US,45.5234,-122.6762,45.52,89,100,1.99,overcast clouds
454,Vanino,RU,49.0869,140.2543,29.97,76,56,6.96,broken clouds
455,Youghal,IE,51.95,-7.8506,56.41,76,61,8.72,broken clouds
456,Vytegra,RU,61.0064,36.4481,36.73,65,100,7.02,light rain
457,Alta,NO,69.9689,23.2717,25.86,100,100,12.66,overcast clouds
458,Funadhoo,MV,6.15,73.2667,85.98,67,66,2.66,broken clouds
459,Kolosovka,RU,56.4678,73.611,73.85,40,91,14.41,overcast clouds
460,Port Macquarie,AU,-31.4333,152.9167,65.89,88,100,10.87,light rain
461,Grand Gaube,MU,-20.0064,57.6608,81.37,69,0,3.0,clear sky
462,Araouane,ML,18.9048,-3.5265,96.15,5,0,6.33,clear sky
463,Manavalakurichi,IN,8.1333,77.3,84.96,75,95,6.78,overcast clouds
464,Bordighera,IT,43.7806,7.6645,73.62,33,9,3.0,clear sky
465,Bambanglipuro,ID,-7.95,110.2833,79.9,82,100,2.39,overcast clouds
466,Turukhansk,RU,65.8167,87.9833,32.45,100,100,3.06,overcast clouds
467,Fremont,US,37.5483,-121.9886,50.85,79,0,14.97,clear sky
468,Camapua,BR,-19.5314,-54.0439,83.41,42,9,6.87,clear sky
469,Pervomayskoye,RU,43.919,46.7102,77.41,38,52,12.82,broken clouds
470,La Roche-Sur-Yon,FR,46.6667,-1.4333,66.47,52,0,6.91,clear sky
471,Luau,AO,-10.7073,22.2247,79.83,50,99,6.91,overcast clouds
472,Rujiena,LV,57.8975,25.3316,44.06,40,100,10.67,overcast clouds
473,Wasilla,US,61.5814,-149.4394,41.18,77,40,0.0,scattered clouds
474,Jefferson City,US,38.5767,-92.1735,61.9,45,100,5.01,overcast clouds
475,Byron Bay,AU,-28.65,153.6167,66.94,85,100,6.4,overcast clouds
476,Petropavlovsk-Kamchatskiy,RU,53.0452,158.6483,29.73,84,99,5.79,light snow
477,Pandan,PH,14.0453,124.1694,79.93,88,82,7.81,broken clouds
478,Lazurne,UA,46.084,32.5295,60.93,57,23,4.34,few clouds
479,Pedasi,PA,7.5333,-80.0333,77.07,78,100,3.83,overcast clouds
480,Sobolevo,RU,54.4299,31.8996,47.17,43,100,8.46,overcast clouds
481,Lompoc,US,34.6391,-120.4579,49.01,80,100,21.99,overcast clouds
482,Mackay,AU,-21.15,149.2,73.69,84,41,17.56,scattered clouds
483,Zonguldak,TR,41.25,31.8333,56.25,62,27,6.64,scattered clouds
484,Bocas Del Toro,PA,9.3333,-82.25,77.81,86,100,5.88,overcast clouds
485,Puerto Rondon,CO,6.2805,-71.1,77.47,73,99,3.98,overcast clouds
486,Port Jervis,US,41.3751,-74.6927,43.48,54,32,16.2,scattered clouds
487,Pacifica,US,37.6138,-122.4869,50.59,84,40,13.8,scattered clouds
488,Lorengau,PG,-2.0226,147.2712,82.35,75,100,4.56,overcast clouds
489,Joshimath,IN,30.5667,79.5667,63.07,71,100,4.92,overcast clouds
490,Severo-Kurilsk,RU,50.6789,156.125,31.78,92,100,5.37,overcast clouds
491,Rock Springs,US,41.5875,-109.2029,45.05,69,20,4.61,few clouds
492,Vrangel,RU,42.7297,133.0839,45.93,53,100,8.34,overcast clouds
493,Sungaipenuh,ID,-2.0833,101.3833,67.17,97,100,1.05,overcast clouds
494,Nishihara,JP,26.1842,127.7558,78.46,94,40,12.66,scattered clouds
495,Itarema,BR,-2.9248,-39.9167,83.73,72,100,11.7,overcast clouds
496,Mao,ES,39.8885,4.2658,64.96,72,75,13.8,broken clouds
497,Vestmannaeyjar,IS,63.4427,-20.2734,49.19,81,20,5.75,few clouds
498,Ilovlya,RU,49.3033,43.9796,64.27,39,5,12.66,clear sky
499,Ossora,RU,59.2353,163.0719,32.79,98,100,23.67,snow
500,Mikhaylovka,RU,50.06,43.2379,61.79,44,36,12.37,scattered clouds
501,Cuamba,MZ,-14.8031,36.5372,71.98,76,85,9.69,overcast clouds
502,Liverpool,GB,53.4106,-2.9779,52.99,60,75,5.75,broken clouds
503,Yar-Sale,RU,66.8333,70.8333,24.66,83,100,4.45,overcast clouds
504,Barceloneta,PR,18.4505,-66.5385,81.95,66,77,10.42,broken clouds
505,Hervey Bay,AU,-25.2986,152.8535,69.03,89,14,8.01,few clouds
506,Bereda,ES,43.2686,-7.5406,65.14,63,8,5.84,clear sky
507,Ampanihy,MG,-24.7,44.75,71.51,56,100,14.56,overcast clouds
508,Ashqelon,IL,31.6693,34.5715,78.78,51,0,11.32,clear sky
509,Artesia,US,33.8658,-118.0831,60.46,76,100,3.44,overcast clouds
510,Thaba-Tseka,LS,-29.522,28.6084,56.05,31,0,13.11,clear sky
511,Talakan,RU,50.3167,130.3667,33.94,56,4,2.89,clear sky
512,Kpalime,TG,6.9,0.6333,81.1,63,100,1.86,overcast clouds
513,Boende,CD,-0.2167,20.8667,79.07,80,100,3.89,light rain
514,Harper,LR,4.375,-7.7169,83.62,76,100,8.81,moderate rain
515,Olinda,BR,-8.0089,-34.8553,83.93,70,75,11.5,broken clouds
516,Broome,US,42.2506,-75.833,38.7,57,0,16.11,clear sky
517,Jaguarao,BR,-32.5661,-53.3758,59.72,97,100,8.59,light rain
518,Okhotsk,RU,59.3833,143.3,29.73,78,100,16.87,overcast clouds
519,Jaisalmer,IN,26.9147,70.9181,103.75,6,0,13.47,clear sky
520,San Carlos De Bariloche,AR,-41.1456,-71.3082,37.15,65,75,12.66,broken clouds
521,Nizhniy Baskunchak,RU,48.2198,46.8311,72.09,39,0,13.24,clear sky
522,Martapura,ID,-3.4167,114.85,82.49,83,40,3.44,scattered clouds
523,Priyutnoye,RU,46.1011,43.5072,75.15,35,78,12.19,broken clouds
524,Nyurba,RU,63.2842,118.3319,21.88,94,19,3.62,few clouds
525,Totness,SR,5.8833,-56.3167,82.31,76,90,9.4,moderate rain
526,Dinajpur,BD,25.6272,88.6386,93.27,36,0,11.16,clear sky
527,Mineros,BO,-17.1167,-63.2333,77.5,77,99,6.55,overcast clouds
528,Kieta,PG,-6.2167,155.6333,79.68,82,19,5.08,few clouds
529,Daru,PG,-9.0763,143.2092,80.55,83,100,11.14,overcast clouds
530,Sorong,ID,-0.8833,131.25,80.19,81,100,3.98,light rain
531,Vila Velha,BR,-20.3297,-40.2925,85.95,73,75,8.05,broken clouds
532,Hendek,TR,40.7994,30.7481,67.91,67,0,6.13,clear sky
533,Nago,JP,26.5881,127.9761,79.23,94,1,7.45,clear sky
534,Lively,CA,46.4334,-81.1498,33.39,48,0,7.11,clear sky
535,Buala,SB,-8.145,159.5921,80.91,82,98,5.14,overcast clouds
536,Tororo,UG,0.693,34.1809,70.3,81,100,7.72,light rain
537,Uchaly,RU,54.2996,59.4521,66.51,43,100,14.97,overcast clouds
538,Ballina,AU,-28.8667,153.5667,67.01,99,100,7.52,light rain
539,Sambava,MG,-14.2667,50.1667,81.32,75,10,11.21,clear sky
540,Xining,CN,36.6167,101.7667,54.54,30,100,18.81,overcast clouds
541,Chertkovo,RU,49.3847,40.1547,59.2,50,100,7.94,overcast clouds
542,Thinadhoo,MV,0.5333,72.9333,85.1,69,100,8.12,overcast clouds
543,Escarcega,MX,18.6089,-90.7454,73.33,89,19,3.02,few clouds
544,Dorobantu,RO,44.2167,26.95,63.03,83,100,11.65,overcast clouds
545,Tautira,PF,-17.7333,-149.15,81.07,71,14,23.33,light rain
546,Omsukchan,RU,62.5333,155.8,23.79,97,100,9.37,overcast clouds
547,Canutama,BR,-6.5339,-64.3831,81.55,77,83,3.13,broken clouds
548,Saint-Pierre,RE,-21.3393,55.4781,82.08,66,0,9.22,clear sky
549,Maragogi,BR,-9.0122,-35.2225,81.77,77,99,9.51,overcast clouds
550,Mildura,AU,-34.2,142.15,61.07,86,0,10.65,clear sky
551,Port Augusta,AU,-32.5,137.7667,74.43,39,8,15.88,clear sky
552,Ahuimanu,US,21.4447,-157.8378,74.91,81,100,3.44,overcast clouds
553,Amga,RU,60.8953,131.9608,20.97,95,65,3.13,broken clouds
554,Olafsvik,IS,64.8945,-23.7142,44.96,69,38,11.43,scattered clouds
555,Riberalta,BO,-10.9833,-66.1,80.8,83,75,6.91,broken clouds
556,Buraydah,SA,26.326,43.975,82.38,34,90,4.34,light rain
557,Skibbereen,IE,51.55,-9.2667,53.11,72,100,9.22,overcast clouds
558,Asyut,EG,27.181,31.1837,97.75,4,2,12.55,clear sky
559,Lastoursville,GA,-0.8143,12.7287,84.79,69,81,3.44,light rain
560,Alyangula,AU,-13.8483,136.4192,81.7,76,30,9.26,scattered clouds
561,Mgandu,TZ,-5.95,34.1333,71.02,72,76,9.57,light rain
562,Cayenne,GF,4.9333,-52.3333,84.24,1,75,3.44,broken clouds
563,Chapais,CA,49.7834,-74.8492,24.76,72,65,10.87,broken clouds
564,Baculin,PH,7.4525,126.5842,77.18,87,100,2.21,light rain
565,Yarada,IN,17.65,83.2667,88.12,74,75,11.5,broken clouds
566,Aboso,GH,5.3617,-1.9473,77.58,83,100,0.02,overcast clouds
567,Inhambane,MZ,-23.865,35.3833,74.12,65,31,8.19,light rain
568,Auki,SB,-8.7676,160.7034,78.01,88,100,3.38,overcast clouds
569,Fez,MA,34.0372,-4.9998,68.25,39,40,8.05,scattered clouds
570,Fort Wellington,GY,6.4,-57.6,81.9,76,71,7.63,light rain
571,Verkhoyansk,RU,67.5447,133.385,10.92,93,97,0.87,overcast clouds
572,Kang,BW,-23.6752,22.7876,77.18,32,68,7.09,broken clouds
573,Saint-Augustin,CA,51.226,-58.6502,33.66,99,100,12.39,light snow
574,Miranda,CO,3.2499,-76.2281,68.13,85,100,1.57,overcast clouds
575,Severo-Yeniseyskiy,RU,60.3725,93.0408,39.04,95,100,7.83,light rain
576,Egvekinot,RU,66.3167,-179.1667,14.65,68,20,10.02,few clouds
577,Lasa,IT,46.6166,10.7002,65.7,45,6,5.08,clear sky
578,Olyka,UA,50.7186,25.8125,59.94,47,100,6.02,overcast clouds
579,Santa Rosa,PH,14.3122,121.1114,87.12,74,100,11.01,overcast clouds
580,Murray Bridge,AU,-35.1167,139.2667,72.34,41,99,9.73,overcast clouds
581,Hedensted,DK,55.7704,9.7011,59.61,46,8,3.0,clear sky
582,Stettler,CA,52.3168,-112.7186,36.32,94,24,2.64,few clouds
583,Kloulklubed,PW,7.0419,134.2556,75.7,74,100,7.65,overcast clouds
584,Tabriz,IR,38.08,46.2919,60.26,67,75,11.5,thunderstorm
585,Udachnyy,RU,66.4167,112.4,23.65,89,100,6.93,overcast clouds
586,Tazmalt,DZ,36.3868,4.3989,59.29,86,100,4.92,light rain
587,Belize,BZ,17.25,-88.75,72.59,98,88,0.38,overcast clouds
588,Charleston,US,32.7766,-79.9309,66.02,54,0,11.5,clear sky
589,Palaikastron,GR,35.2,26.25,69.37,60,9,8.25,clear sky
590,Bekhtery,UA,46.251,32.2927,63.43,50,78,0.85,broken clouds
591,Gigmoto,PH,13.7796,124.39,80.38,87,91,7.63,overcast clouds
592,Senj,HR,44.9894,14.9058,70.72,43,5,14.16,clear sky
593,Karratha,AU,-20.7377,116.8463,72.77,83,100,3.51,light rain
594,Zhangjiakou,CN,40.81,114.8794,53.98,51,13,5.79,few clouds
595,Canakkale,TR,40.0833,26.8333,70.38,51,0,15.52,clear sky
596,Waddan,LY,29.1614,16.139,96.8,7,0,9.08,clear sky
597,Mahon,ES,39.8885,4.2658,64.96,72,75,13.8,broken clouds
598,Ratnagiri,IN,16.9833,73.3,86.07,70,2,5.75,clear sky
599,Sumbe,AO,-11.2061,13.8437,80.58,78,29,8.25,light rain
600,Shatsk,RU,54.0258,41.7119,46.4,41,20,8.08,few clouds
601,Imeni Poliny Osipenko,RU,52.4201,136.4853,27.46,88,100,4.07,overcast clouds
602,Hualmay,PE,-11.0964,-77.6139,65.77,92,84,6.04,broken clouds
603,Gaoua,BF,10.2992,-3.2508,95.88,34,82,5.46,broken clouds
604,Millbrook,US,32.4799,-86.3619,58.62,68,0,4.61,clear sky
605,Nantucket,US,41.2835,-70.0995,46.54,56,0,18.41,clear sky
606,Kungalv,SE,57.871,11.9805,59.67,39,13,1.01,few clouds
607,Lovozero,RU,68.005,35.0117,27.36,73,100,11.65,overcast clouds
608,Boksitogorsk,RU,59.474,33.8485,43.61,43,100,8.37,overcast clouds
609,Kawalu,ID,-7.3817,108.2082,74.53,94,97,1.41,heavy intensity rain
610,Araure,VE,9.5601,-69.2148,81.14,70,97,2.98,overcast clouds
611,Yulara,AU,-25.2406,130.9889,78.64,25,89,5.75,overcast clouds
612,Samaipata,BO,-18.15,-63.8667,60.71,81,89,3.76,overcast clouds
613,Toma,BF,12.7667,-2.8833,100.6,16,100,4.03,overcast clouds
614,Maputo,MZ,-25.9653,32.5892,77.23,65,25,1.01,scattered clouds
615,Mareeba,AU,-17.0,145.4333,72.32,92,100,2.53,overcast clouds
616,Sahuaripa,MX,29.05,-109.2333,62.94,33,0,4.52,clear sky
617,Itacare,BR,-14.2775,-38.9967,83.34,59,40,8.79,scattered clouds
618,Taltal,CL,-25.4,-70.4833,66.88,62,0,5.44,clear sky
619,Mangai,CD,-4.05,19.5333,86.18,57,17,1.05,light rain
620,Beipiao,CN,41.7919,120.7792,50.54,39,93,5.88,overcast clouds
621,Staunton,US,38.1496,-79.0717,48.16,59,0,8.05,clear sky
622,Yenagoa,NG,4.9247,6.2642,89.6,56,100,2.62,overcast clouds
623,Boshnyakovo,RU,49.6333,142.1667,30.11,83,100,15.59,overcast clouds
624,Heers,BE,50.75,5.3,66.11,46,0,9.22,clear sky
625,Tocopilla,CL,-22.092,-70.1979,66.43,70,97,4.16,overcast clouds
626,Ellsworth,US,44.5434,-68.4195,40.6,91,100,17.27,overcast clouds
627,Upata,VE,8.0086,-62.3989,79.2,81,86,6.58,overcast clouds
628,Esmeraldas,BR,-19.7625,-44.3139,77.86,52,0,4.81,clear sky
629,Zemio,CF,5.0314,25.1361,89.91,42,100,3.27,overcast clouds
630,Ballarat,AU,-37.5662,143.8496,58.32,86,6,9.98,clear sky
631,Kuala Lumpur,MY,3.1431,101.6865,85.53,88,20,6.91,few clouds
632,Kikwit,CD,-5.041,18.8162,84.56,59,25,2.08,light rain
633,Camana,PE,-16.6228,-72.7111,66.63,88,100,9.42,overcast clouds
634,Bridlington,GB,54.0831,-0.1919,49.89,72,100,7.47,overcast clouds
635,College,US,64.8569,-147.8028,36.9,67,20,8.05,few clouds
636,Tateyama,JP,34.9833,139.8667,60.1,76,45,11.59,scattered clouds
637,Marfino,RU,55.7028,37.3822,46.35,29,0,4.47,clear sky
638,Rio Grande,BR,-32.035,-52.0986,60.91,95,100,27.11,heavy intensity rain
639,Wagga Wagga,AU,-35.1167,147.3667,63.01,100,100,6.91,overcast clouds
640,Jumla,NP,29.2747,82.1838,61.14,37,68,5.46,broken clouds
641,Tamiahua,MX,21.2667,-97.45,74.32,81,0,4.21,clear sky
642,Koungheul,SN,13.9833,-14.8,102.22,13,5,7.99,clear sky
643,Cortez,US,37.3489,-108.5859,34.56,48,0,5.75,clear sky
644,Miri,MY,4.4148,114.0089,80.38,80,100,3.18,overcast clouds
645,Maniwaki,CA,46.3834,-75.966,31.91,51,6,12.91,clear sky
646,Bhatkal,IN,13.9667,74.5667,84.58,85,95,8.37,overcast clouds
647,Ipixuna,BR,-1.7625,-48.8043,77.72,89,100,1.79,overcast clouds
648,Atar,MR,20.5169,-13.0499,91.35,10,0,5.73,clear sky
649,Maniitsoq,GL,65.4167,-52.9,27.05,95,100,6.67,snow
650,Ponneri,IN,13.3167,80.2,89.58,71,0,14.94,clear sky
651,Sangar,RU,63.9242,127.4739,16.7,94,100,4.81,overcast clouds
652,Aleksandrov Gay,RU,50.147,48.5704,61.59,65,100,16.44,overcast clouds
653,Big Spring,US,32.2504,-101.4787,67.1,82,0,16.11,clear sky
654,Miles City,US,46.4083,-105.8406,45.57,93,75,6.91,broken clouds
655,Ouadda,CF,8.0777,22.4007,89.1,41,100,7.45,overcast clouds
656,Novikovo,RU,51.1537,37.8879,55.63,51,100,4.38,overcast clouds
657,Ambilobe,MG,-13.2,49.05,81.21,82,93,4.76,light rain
658,Turochak,RU,52.2576,87.1224,53.98,44,57,1.32,broken clouds
659,Mafeteng,LS,-29.823,27.2374,62.47,34,0,8.99,clear sky
660,Colares,PT,38.7992,-9.4469,75.33,59,20,14.97,few clouds
661,Krasnyy Chikoy,RU,50.3643,108.7512,32.36,48,49,5.48,scattered clouds
662,Kudahuvadhoo,MV,2.6708,72.8944,85.26,70,100,9.6,overcast clouds
663,Beringovskiy,RU,63.05,179.3167,25.86,95,100,5.12,overcast clouds
664,Trairi,BR,-3.2778,-39.2689,83.97,71,100,9.04,overcast clouds
665,Viedma,AR,-40.8135,-62.9967,49.3,43,7,21.41,clear sky
666,Oranjemund,NA,-28.55,16.4333,65.97,59,0,10.22,clear sky
667,Bay Roberts,CA,47.5999,-53.2648,44.51,85,99,5.01,overcast clouds
668,Zholymbet,KZ,51.7433,71.7122,71.58,26,100,9.66,overcast clouds
669,Cockburn Town,TC,21.4612,-71.1419,75.27,58,64,12.57,broken clouds
670,Singapore,SG,1.2897,103.8501,78.75,93,75,2.3,broken clouds
671,Riyadh,SA,24.6877,46.7219,73.54,34,58,17.52,broken clouds
672,Ecoporanga,BR,-18.3733,-40.8306,79.99,65,47,4.85,scattered clouds
673,Nushki,PK,29.5542,66.0215,95.27,9,81,9.22,broken clouds
674,Nador,MA,35.174,-2.9287,70.05,60,20,9.22,few clouds
675,Poltavka,RU,54.3663,71.7632,75.13,26,76,16.93,broken clouds
676,Storm Lake,US,42.6411,-95.2097,41.22,75,20,20.71,few clouds
677,Saint-Joseph,RE,-21.3667,55.6167,80.98,78,40,2.62,scattered clouds
678,Borogontsy,RU,62.6683,131.1683,18.91,95,23,4.99,few clouds
679,Port Hedland,AU,-20.3167,118.5667,71.65,88,100,10.36,overcast clouds
680,Rio De Janeiro,BR,-22.9028,-43.2075,86.0,60,0,4.61,clear sky
681,Algiers,DZ,36.7525,3.042,57.02,88,75,4.61,light rain
682,Padang,ID,-0.9492,100.3543,80.65,85,100,0.67,moderate rain
683,Hukuntsi,BW,-24.0,21.75,80.83,29,7,10.85,clear sky
684,Bairiki,KI,1.3292,172.9752,80.6,89,20,10.36,light rain
685,Anadyr,RU,64.75,177.4833,9.91,99,95,2.08,overcast clouds
686,Mitsamiouli,KM,-11.3847,43.2844,81.18,80,98,16.62,moderate rain
687,Taseyevo,RU,57.2169,94.8978,45.34,91,100,2.91,overcast clouds
688,Wanaka,NZ,-44.7,169.15,47.64,85,0,2.57,clear sky
689,Gizo,SB,-8.103,156.8419,82.83,73,67,3.91,broken clouds
690,Onega,RU,63.9061,38.1404,34.54,51,65,6.49,broken clouds
691,Kurayoshi,JP,35.4333,133.8167,53.33,80,96,5.82,overcast clouds
692,Srednekolymsk,RU,67.45,153.6833,13.87,96,100,7.05,overcast clouds
693,Tevriz,RU,57.509,72.4042,71.17,43,98,12.1,overcast clouds
694,San Policarpo,PH,12.1791,125.5072,80.15,85,90,6.96,overcast clouds
695,Shubarkuduk,KZ,49.1447,56.4872,73.38,29,100,6.87,overcast clouds
696,Faya,SA,18.3851,42.4509,66.72,37,3,14.74,clear sky
697,Bloomingdale,US,27.8936,-82.2404,73.85,92,100,5.99,overcast clouds
698,Salamiyah,SY,35.0113,37.0532,72.91,38,100,12.28,overcast clouds
699,Sibolga,ID,1.7427,98.7792,79.14,88,100,1.23,overcast clouds
700,Awbari,LY,26.5921,12.7805,96.51,6,0,16.49,clear sky
701,Tungor,RU,53.3808,142.9564,27.63,80,100,16.84,overcast clouds
702,Popondetta,PG,-8.7537,148.2534,74.1,97,31,2.95,scattered clouds
703,Sao Gabriel Da Cachoeira,BR,-0.1303,-67.0892,80.67,78,74,1.23,broken clouds
704,Cabinda,AO,-5.55,12.2,80.55,81,94,6.13,light rain
705,Lincoln,US,40.8,-96.667,63.34,71,0,9.22,clear sky
706,Otavi,NA,-19.65,17.3333,81.34,27,94,10.04,overcast clouds
707,Roald,NO,62.5833,6.1333,44.33,75,75,6.91,broken clouds
708,Kitimat,CA,54.0524,-128.6534,37.9,30,26,1.3,scattered clouds
709,Chitrakonda,IN,18.1167,82.0833,89.31,34,100,7.38,light rain
710,Iskateley,RU,67.6803,53.1512,26.01,82,100,19.84,overcast clouds
711,Iguape,BR,-24.7081,-47.5553,81.82,60,65,7.76,broken clouds
712,Charlestown,AU,-32.95,151.6667,69.69,94,100,5.91,light rain
713,Nandurbar,IN,21.3667,74.25,105.08,11,5,14.38,clear sky
714,Oyama,JP,36.3,139.8,64.58,45,5,3.31,clear sky
715,Port Blair,IN,11.6667,92.75,82.44,89,40,1.14,mist
716,Emerald,AU,-23.5333,148.1667,70.34,72,49,12.57,scattered clouds
717,Quang Ngai,VN,15.1167,108.8,78.62,88,96,6.58,overcast clouds
718,Xuddur,SO,4.1213,43.8894,88.48,41,100,12.66,overcast clouds
719,Mana,GF,5.6592,-53.7767,82.67,73,56,9.91,broken clouds
720,Mountain Home,US,43.133,-115.6912,44.98,53,100,1.12,overcast clouds
721,Mahibadhoo,MV,3.7833,72.9667,85.48,71,100,8.03,overcast clouds
722,Manokwari,ID,-0.8667,134.0833,78.91,81,72,4.29,broken clouds
723,Hellvik,NO,59.9156,5.781,49.77,76,100,4.0,overcast clouds
724,Semey,KZ,50.4111,80.2275,71.82,26,0,6.71,clear sky
725,Borodino,RU,55.9106,94.8983,49.95,67,100,5.97,overcast clouds
